{
 "eyes": {
 "probabilities": {
 "blue":   0.16,
"green": 0.3139,
"hazel": 0.31515,
"brown": 0.21095 
},
"quantilies": {
 "blue": {
 "0% quantile": 0.0032988,
"5% quantile": 0.0032988,
"10% quantile": 0.0032988,
"15% quantile": 0.0032988,
"20% quantile": 0.0032988,
"25% quantile": 0.0032988,
"30% quantile": 0.011183,
"35% quantile": 0.011183,
"40% quantile": 0.011183,
"45% quantile": 0.011183,
"50% quantile": 0.011183,
"55% quantile": 0.19171,
"60% quantile": 0.19171,
"65% quantile": 0.19171,
"70% quantile": 0.19171,
"75% quantile": 0.19171,
"80% quantile": 0.4338,
"85% quantile": 0.4338,
"90% quantile": 0.4338,
"95% quantile": 0.4338,
"100% quantile": 0.4338 
},
"green": {
 "0% quantile": 0.15316,
"5% quantile": 0.15316,
"10% quantile": 0.15316,
"15% quantile": 0.15316,
"20% quantile": 0.15316,
"25% quantile": 0.15316,
"30% quantile": 0.20507,
"35% quantile": 0.20507,
"40% quantile": 0.20507,
"45% quantile": 0.20507,
"50% quantile": 0.20507,
"55% quantile": 0.42351,
"60% quantile": 0.42351,
"65% quantile": 0.42351,
"70% quantile": 0.42351,
"75% quantile": 0.42351,
"80% quantile": 0.47386,
"85% quantile": 0.47386,
"90% quantile": 0.47386,
"95% quantile": 0.47386,
"100% quantile": 0.47386 
},
"hazel": {
 "0% quantile": 0.14021,
"5% quantile": 0.14021,
"10% quantile": 0.14021,
"15% quantile": 0.14021,
"20% quantile": 0.14021,
"25% quantile": 0.14021,
"30% quantile": 0.30587,
"35% quantile": 0.30587,
"40% quantile": 0.30587,
"45% quantile": 0.30587,
"50% quantile": 0.30587,
"55% quantile": 0.33162,
"60% quantile": 0.33162,
"65% quantile": 0.33162,
"70% quantile": 0.33162,
"75% quantile": 0.33162,
"80% quantile": 0.48291,
"85% quantile": 0.48291,
"90% quantile": 0.48291,
"95% quantile": 0.48291,
"100% quantile": 0.48291 
},
"brown": {
 "0% quantile": 0.0024851,
"5% quantile": 0.0024851,
"10% quantile": 0.0024851,
"15% quantile": 0.0024851,
"20% quantile": 0.0024851,
"25% quantile": 0.0024851,
"30% quantile": 0.0028096,
"35% quantile": 0.0028096,
"40% quantile": 0.0028096,
"45% quantile": 0.0028096,
"50% quantile": 0.0028096,
"55% quantile": 0.36063,
"60% quantile": 0.36063,
"65% quantile": 0.36063,
"70% quantile": 0.36063,
"75% quantile": 0.36063,
"80% quantile": 0.47788,
"85% quantile": 0.47788,
"90% quantile": 0.47788,
"95% quantile": 0.47788,
"100% quantile": 0.47788 
} 
},
"sd": {
 "blue": 0.20222,
"green": 0.15841,
"hazel": 0.14036,
"brown": 0.24524 
} 
},
"hair": {
 "probabilities": {
 "blond": 0.49781,
"brown": 0.43229,
"red": 0.054621,
"black": 0.01528 
},
"quantilies": {
 "blond": {
 "0% quantile": 0.048373,
"5% quantile": 0.11666,
"10% quantile": 0.16593,
"15% quantile": 0.20684,
"20% quantile": 0.25464,
"25% quantile": 0.2931,
"30% quantile": 0.33379,
"35% quantile": 0.38294,
"40% quantile": 0.41722,
"45% quantile": 0.45415,
"50% quantile": 0.49573,
"55% quantile": 0.53588,
"60% quantile": 0.58281,
"65% quantile": 0.61843,
"70% quantile": 0.65763,
"75% quantile": 0.69897,
"80% quantile": 0.74435,
"85% quantile": 0.78545,
"90% quantile": 0.82846,
"95% quantile": 0.87891,
"100% quantile": 0.95567 
},
"brown": {
 "0% quantile": 0.039308,
"5% quantile": 0.10093,
"10% quantile": 0.1376,
"15% quantile": 0.17144,
"20% quantile": 0.21622,
"25% quantile": 0.24335,
"30% quantile": 0.28564,
"35% quantile": 0.31991,
"40% quantile": 0.35019,
"45% quantile": 0.38353,
"50% quantile": 0.42519,
"55% quantile": 0.46344,
"60% quantile": 0.48982,
"65% quantile": 0.52943,
"70% quantile": 0.56179,
"75% quantile": 0.61835,
"80% quantile": 0.65486,
"85% quantile": 0.68306,
"90% quantile": 0.74215,
"95% quantile": 0.80824,
"100% quantile": 0.9099 
},
"red": {
 "0% quantile": 0.0014966,
"5% quantile": 0.0050271,
"10% quantile": 0.0071153,
"15% quantile": 0.0090051,
"20% quantile": 0.011777,
"25% quantile": 0.014336,
"30% quantile": 0.016807,
"35% quantile": 0.020238,
"40% quantile": 0.023488,
"45% quantile": 0.027566,
"50% quantile": 0.032818,
"55% quantile": 0.037319,
"60% quantile": 0.043543,
"65% quantile": 0.050145,
"70% quantile": 0.060972,
"75% quantile": 0.069937,
"80% quantile": 0.083219,
"85% quantile": 0.10533,
"90% quantile": 0.1373,
"95% quantile": 0.19208,
"100% quantile": 0.34776 
},
"black": {
 "0% quantile": 0.00031963,
"5% quantile": 0.00087036,
"10% quantile": 0.0012965,
"15% quantile": 0.0017871,
"20% quantile": 0.0023058,
"25% quantile": 0.0030327,
"30% quantile": 0.0035567,
"35% quantile": 0.0046603,
"40% quantile": 0.005421,
"45% quantile": 0.0065746,
"50% quantile": 0.0078673,
"55% quantile": 0.0088451,
"60% quantile": 0.010731,
"65% quantile": 0.013155,
"70% quantile": 0.015441,
"75% quantile": 0.019296,
"80% quantile": 0.023457,
"85% quantile": 0.029163,
"90% quantile": 0.037962,
"95% quantile": 0.056079,
"100% quantile": 0.12329 
} 
},
"sd": {
 "blond": 0.24173,
"brown": 0.22106,
"red": 0.060676,
"black": 0.020113 
} 
},
"skin": {
 "probabilities": {
 "white": 0.86594,
"inter": 0.13406,
"black": 2.2607e-06 
},
"quantilies": {
 "white": {
 "0% quantile": 0.56554,
"5% quantile": 0.56554,
"10% quantile": 0.64873,
"15% quantile": 0.78368,
"20% quantile": 0.78368,
"25% quantile": 0.78368,
"30% quantile": 0.83714,
"35% quantile": 0.83714,
"40% quantile": 0.87962,
"45% quantile": 0.8877,
"50% quantile": 0.8877,
"55% quantile": 0.91203,
"60% quantile": 0.91814,
"65% quantile": 0.95313,
"70% quantile": 0.95313,
"75% quantile": 0.95313,
"80% quantile": 0.9665,
"85% quantile": 0.9665,
"90% quantile": 0.97796,
"95% quantile": 0.98437,
"100% quantile": 0.98437 
},
"inter": {
 "0% quantile": 0.015634,
"5% quantile": 0.015634,
"10% quantile": 0.022038,
"15% quantile": 0.033495,
"20% quantile": 0.033495,
"25% quantile": 0.033495,
"30% quantile": 0.046867,
"35% quantile": 0.046867,
"40% quantile": 0.081859,
"45% quantile": 0.087967,
"50% quantile": 0.087967,
"55% quantile": 0.1123,
"60% quantile": 0.12038,
"65% quantile": 0.16286,
"70% quantile": 0.16286,
"75% quantile": 0.16286,
"80% quantile": 0.21632,
"85% quantile": 0.21632,
"90% quantile": 0.35125,
"95% quantile": 0.43446,
"100% quantile": 0.43446 
},
"black": {
 "0% quantile": 1.09e-08,
"5% quantile": 1.09e-08,
"10% quantile": 2.8774e-08,
"15% quantile": 2.8774e-08,
"20% quantile": 4.6848e-08,
"25% quantile": 4.6848e-08,
"30% quantile": 1.246e-07,
"35% quantile": 1.246e-07,
"40% quantile": 1.5347e-07,
"45% quantile": 3.6699e-07,
"50% quantile": 3.6699e-07,
"55% quantile": 3.6699e-07,
"60% quantile": 4.8082e-07,
"65% quantile": 6.7781e-07,
"70% quantile": 1.674e-06,
"75% quantile": 1.674e-06,
"80% quantile": 1.674e-06,
"85% quantile": 2.1288e-06,
"90% quantile": 4.7952e-06,
"95% quantile": 2.3489e-05,
"100% quantile": 2.3489e-05 
} 
},
"sd": {
 "white": 0.12321,
"inter": 0.12321,
"black": 5.8962e-06 
} 
} 
}
