{
 "eyes": {
 "Snps": {
 "rs12913832": "AG",
"rs1800407": "CT",
"rs12896399": "TT",
"rs16891982": "GG",
"rs1393350": "GG",
"rs12203592": "CC" 
},
"Probabilities": {
 "blue": 0.0069811,
"green": 0.18117,
"hazel": 0.52375,
"brown": 0.2881 
},
"Predictions": [ "hazel", "brown" ] 
},
"hair": {
 "Snps": {
 "rs12913832": "AG",
"rs12203592": "CC",
"rs1042602": "AA",
"rs4959270": "CC",
"rs683": "AC",
"rs1800407": "CT",
"rs2402130": "AA",
"rs12821256": "CT",
"rs16891982": "GG",
"rs2378249": "AA",
"gen_MC1R_1": "ww",
"gen_MC1R_2": "Rw" 
},
"Probabilities": {
 "blond": 0.26217,
"brown": 0.71577,
"red": 0.019734,
"black": 0.0023234 
},
"Predictions": [ "brown", "blond" ] 
},
"skin": {
 "Snps": {
 "rs10777129": "GG",
"rs13289": "GG",
"rs1408799": "CT",
"rs1426654": "NA",
"rs1448484": "AA",
"rs16891982": "GG",
"rs2402130": "AA",
"rs3829241": "AG",
"rs6058017": "AA",
"rs6119471": "NA" 
},
"Probabilities": {
 "white": 0.98594,
"inter": 0.014056,
"black": 9.192e-10 
},
"Predictions": "white" 
},
"frec": {
 "Snps": {
 "rs4911442": "AA",
"rs2153271": "CT",
"rs12896399": "TT",
"rs16891982": "GG",
"rs1393350": "GG",
"rs12203592": "CC",
"rs12821256": "CT",
"gen_MC1R_1": "ww",
"gen_MC1R_2": "Rw" 
},
"Probabilities": {
 "frec": 0.16493,
"no_frec": 0.83507 
},
"Predictions": "We can't predict this phenotype" 
},
"child": {
 "eyes": {
 "probabilities": {
 "blue": 0.1495,
"green": 0.2416,
"hazel": 0.31096,
"brown": 0.29794 
},
"quantilies": {
 "blue": {
 "0% quantile": 0.0008299,
"5% quantile": 0.0032988,
"10% quantile": 0.0041031,
"15% quantile": 0.0043779,
"20% quantile": 0.0067196,
"25% quantile": 0.0069811,
"30% quantile": 0.011486,
"35% quantile": 0.012445,
"40% quantile": 0.014095,
"45% quantile": 0.014095,
"50% quantile": 0.021287,
"55% quantile": 0.023132,
"60% quantile": 0.024155,
"65% quantile": 0.044543,
"70% quantile": 0.21285,
"75% quantile": 0.30547,
"80% quantile": 0.38683,
"85% quantile": 0.46337,
"90% quantile": 0.49562,
"95% quantile": 0.5836,
"100% quantile": 0.78851 
},
"green": {
 "0% quantile": 0.01783,
"5% quantile": 0.039369,
"10% quantile": 0.045008,
"15% quantile": 0.096769,
"20% quantile": 0.15474,
"25% quantile": 0.1691,
"30% quantile": 0.17219,
"35% quantile": 0.18117,
"40% quantile": 0.19784,
"45% quantile": 0.21794,
"50% quantile": 0.23224,
"55% quantile": 0.23362,
"60% quantile": 0.23676,
"65% quantile": 0.24758,
"70% quantile": 0.31779,
"75% quantile": 0.32858,
"80% quantile": 0.40888,
"85% quantile": 0.41588,
"90% quantile": 0.42204,
"95% quantile": 0.47553,
"100% quantile": 0.5369 
},
"hazel": {
 "0% quantile": 0.058744,
"5% quantile": 0.09667,
"10% quantile": 0.11709,
"15% quantile": 0.12586,
"20% quantile": 0.14157,
"25% quantile": 0.1619,
"30% quantile": 0.22535,
"35% quantile": 0.25998,
"40% quantile": 0.27097,
"45% quantile": 0.3094,
"50% quantile": 0.30948,
"55% quantile": 0.32399,
"60% quantile": 0.3291,
"65% quantile": 0.3386,
"70% quantile": 0.35859,
"75% quantile": 0.43444,
"80% quantile": 0.48622,
"85% quantile": 0.50476,
"90% quantile": 0.50476,
"95% quantile": 0.52375,
"100% quantile": 0.74014 
},
"brown": {
 "0% quantile": 0.0001233,
"5% quantile": 0.0012621,
"10% quantile": 0.00169,
"15% quantile": 0.0017279,
"20% quantile": 0.0018875,
"25% quantile": 0.002218,
"30% quantile": 0.002218,
"35% quantile": 0.093763,
"40% quantile": 0.2881,
"45% quantile": 0.31457,
"50% quantile": 0.31895,
"55% quantile": 0.35456,
"60% quantile": 0.37642,
"65% quantile": 0.39951,
"70% quantile": 0.41222,
"75% quantile": 0.42829,
"80% quantile": 0.45311,
"85% quantile": 0.53778,
"90% quantile": 0.7198,
"95% quantile": 0.79731,
"100% quantile": 0.88941 
} 
},
"sd": {
 "blue": 0.20955,
"green": 0.13153,
"hazel": 0.14703,
"brown": 0.26166 
} 
},
"hair": {
 "probabilities": {
 "blond": 0.35265,
"brown": 0.5207,
"red": 0.067805,
"black": 0.058847 
},
"quantilies": {
 "blond": {
 "0% quantile": 0.00014332,
"5% quantile": 0.039492,
"10% quantile": 0.070922,
"15% quantile": 0.095345,
"20% quantile": 0.12036,
"25% quantile": 0.14439,
"30% quantile": 0.16794,
"35% quantile": 0.19946,
"40% quantile": 0.22807,
"45% quantile": 0.26212,
"50% quantile": 0.30235,
"55% quantile": 0.3387,
"60% quantile": 0.38684,
"65% quantile": 0.43312,
"70% quantile": 0.48015,
"75% quantile": 0.53491,
"80% quantile": 0.58925,
"85% quantile": 0.65084,
"90% quantile": 0.72476,
"95% quantile": 0.80845,
"100% quantile": 0.99499 
},
"brown": {
 "0% quantile": 0.0015943,
"5% quantile": 0.12752,
"10% quantile": 0.1989,
"15% quantile": 0.2468,
"20% quantile": 0.30511,
"25% quantile": 0.35177,
"30% quantile": 0.39023,
"35% quantile": 0.42571,
"40% quantile": 0.47042,
"45% quantile": 0.51023,
"50% quantile": 0.5496,
"55% quantile": 0.58036,
"60% quantile": 0.61052,
"65% quantile": 0.64991,
"70% quantile": 0.6803,
"75% quantile": 0.70752,
"80% quantile": 0.73358,
"85% quantile": 0.77002,
"90% quantile": 0.80688,
"95% quantile": 0.83658,
"100% quantile": 0.94168 
},
"red": {
 "0% quantile": 3.1733e-05,
"5% quantile": 0.004133,
"10% quantile": 0.0058335,
"15% quantile": 0.0076983,
"20% quantile": 0.010029,
"25% quantile": 0.012374,
"30% quantile": 0.014754,
"35% quantile": 0.01771,
"40% quantile": 0.020694,
"45% quantile": 0.024338,
"50% quantile": 0.029365,
"55% quantile": 0.035208,
"60% quantile": 0.041205,
"65% quantile": 0.049388,
"70% quantile": 0.06001,
"75% quantile": 0.073388,
"80% quantile": 0.092358,
"85% quantile": 0.12478,
"90% quantile": 0.1708,
"95% quantile": 0.26978,
"100% quantile": 0.97212 
},
"black": {
 "0% quantile": 6.0885e-06,
"5% quantile": 0.00046103,
"10% quantile": 0.00086526,
"15% quantile": 0.0013854,
"20% quantile": 0.0021087,
"25% quantile": 0.0026597,
"30% quantile": 0.0036525,
"35% quantile": 0.0048563,
"40% quantile": 0.0063396,
"45% quantile": 0.0078737,
"50% quantile": 0.0098852,
"55% quantile": 0.012268,
"60% quantile": 0.017159,
"65% quantile": 0.024482,
"70% quantile": 0.031997,
"75% quantile": 0.042058,
"80% quantile": 0.058354,
"85% quantile": 0.099689,
"90% quantile": 0.15887,
"95% quantile": 0.31595,
"100% quantile": 0.99335 
} 
},
"sd": {
 "blond": 0.24418,
"brown": 0.22335,
"red": 0.1064,
"black": 0.13209 
} 
},
"skin": {
 "probabilities": {
 "white": 0.89062,
"inter": 0.10937,
"black": 1.0632e-05 
},
"quantilies": {
 "white": {
 "0% quantile": 0.0019843,
"5% quantile": 0.46697,
"10% quantile": 0.6552,
"15% quantile": 0.75633,
"20% quantile": 0.84098,
"25% quantile": 0.8893,
"30% quantile": 0.93668,
"35% quantile": 0.95405,
"40% quantile": 0.96184,
"45% quantile": 0.9728,
"50% quantile": 0.97629,
"55% quantile": 0.98317,
"60% quantile": 0.98594,
"65% quantile": 0.9881,
"70% quantile": 0.98974,
"75% quantile": 0.99298,
"80% quantile": 0.99351,
"85% quantile": 0.99569,
"90% quantile": 0.99747,
"95% quantile": 0.99802,
"100% quantile": 0.99918 
},
"inter": {
 "0% quantile": 0.00081961,
"5% quantile": 0.0019791,
"10% quantile": 0.0025331,
"15% quantile": 0.0043084,
"20% quantile": 0.006491,
"25% quantile": 0.0070183,
"30% quantile": 0.01026,
"35% quantile": 0.0119,
"40% quantile": 0.014056,
"45% quantile": 0.016832,
"50% quantile": 0.023714,
"55% quantile": 0.027203,
"60% quantile": 0.038162,
"65% quantile": 0.045948,
"70% quantile": 0.063323,
"75% quantile": 0.1107,
"80% quantile": 0.15902,
"85% quantile": 0.24367,
"90% quantile": 0.3448,
"95% quantile": 0.53303,
"100% quantile": 0.99734 
},
"black": {
 "0% quantile": 2.2163e-11,
"5% quantile": 5.9951e-11,
"10% quantile": 2.5619e-10,
"15% quantile": 3.4195e-10,
"20% quantile": 9.192e-10,
"25% quantile": 9.192e-10,
"30% quantile": 1.463e-09,
"35% quantile": 3.9415e-09,
"40% quantile": 4.2363e-09,
"45% quantile": 6.3044e-09,
"50% quantile": 8.7817e-09,
"55% quantile": 1.6237e-08,
"60% quantile": 2.6017e-08,
"65% quantile": 4.2425e-08,
"70% quantile": 7.3593e-08,
"75% quantile": 1.2388e-07,
"80% quantile": 2.2727e-07,
"85% quantile": 5.8893e-07,
"90% quantile": 1.4665e-06,
"95% quantile": 6.9725e-06,
"100% quantile": 0.1343 
} 
},
"sd": {
 "white": 0.1935,
"inter": 0.19347,
"black": 0.00047465 
} 
} 
} 
}
