{
 "eyes": {
 "Snps": {
 "rs12913832": "GG",
"rs1800407": "CC",
"rs12896399": "GG",
"rs16891982": "NA",
"rs1393350": "GG",
"rs12203592": "CC" 
},
"Probabilities": {
 "blue": 0.26427,
"green": 0.48312,
"hazel": 0.24906,
"brown": 0.00355 
},
"Predictions": [ "green", "blue" ] 
},
"hair": {
 "Snps": {
 "rs12913832": "GG",
"rs12203592": "CC",
"rs1042602": "AC",
"rs4959270": "AC",
"rs683": "AA",
"rs1800407": "CC",
"rs2402130": "AG",
"rs12821256": "TT",
"rs16891982": "NA",
"rs2378249": "AG",
"gen_MC1R_1": "ww",
"gen_MC1R_2": "ww" 
},
"Probabilities": {
 "blond": 0.75658,
"brown": 0.18545,
"red": 0.05141,
"black": 0.0065542 
},
"Predictions": "blond" 
},
"skin": {
 "Snps": {
 "rs10777129": "GG",
"rs13289": "CC",
"rs1408799": "CC",
"rs1426654": "AA",
"rs1448484": "AA",
"rs16891982": "NA",
"rs2402130": "AG",
"rs3829241": "AG",
"rs6058017": "AA",
"rs6119471": "CC" 
},
"Probabilities": {
 "white": 0.99752,
"inter": 0.0024831,
"black": 7.5884e-10 
},
"Predictions": "white" 
},
"frec": {
 "Snps": {
 "rs4911442": "AA",
"rs2153271": "CC",
"rs12896399": "GG",
"rs16891982": "NA",
"rs1393350": "GG",
"rs12203592": "CC",
"rs12821256": "TT",
"gen_MC1R_1": "ww",
"gen_MC1R_2": "ww" 
},
"Probabilities": {
 "frec": 0.24349,
"no_frec": 0.75651 
},
"Predictions": "We can't predict this phenotype" 
},
"child": {
 "eyes": {
 "probabilities": {
 "blue": 0.24218,
"green": 0.3513,
"hazel": 0.26521,
"brown": 0.14131 
},
"quantilies": {
 "blue": {
 "0% quantile": 0.0012968,
"5% quantile": 0.0040718,
"10% quantile": 0.0046446,
"15% quantile": 0.0046446,
"20% quantile": 0.0076723,
"25% quantile": 0.011183,
"30% quantile": 0.017671,
"35% quantile": 0.23927,
"40% quantile": 0.26427,
"45% quantile": 0.26427,
"50% quantile": 0.26427,
"55% quantile": 0.26427,
"60% quantile": 0.26427,
"65% quantile": 0.31182,
"70% quantile": 0.39107,
"75% quantile": 0.40475,
"80% quantile": 0.4338,
"85% quantile": 0.4338,
"90% quantile": 0.4338,
"95% quantile": 0.54932,
"100% quantile": 0.67002 
},
"green": {
 "0% quantile": 0.10135,
"5% quantile": 0.13972,
"10% quantile": 0.15949,
"15% quantile": 0.15949,
"20% quantile": 0.15949,
"25% quantile": 0.20507,
"30% quantile": 0.20891,
"35% quantile": 0.31165,
"40% quantile": 0.39424,
"45% quantile": 0.39484,
"50% quantile": 0.42351,
"55% quantile": 0.42351,
"60% quantile": 0.42351,
"65% quantile": 0.42878,
"70% quantile": 0.47463,
"75% quantile": 0.47463,
"80% quantile": 0.48312,
"85% quantile": 0.48312,
"90% quantile": 0.48312,
"95% quantile": 0.48312,
"100% quantile": 0.48312 
},
"hazel": {
 "0% quantile": 0.097398,
"5% quantile": 0.12743,
"10% quantile": 0.14021,
"15% quantile": 0.14021,
"20% quantile": 0.14021,
"25% quantile": 0.16399,
"30% quantile": 0.21103,
"35% quantile": 0.24906,
"40% quantile": 0.24906,
"45% quantile": 0.24906,
"50% quantile": 0.24906,
"55% quantile": 0.24906,
"60% quantile": 0.27674,
"65% quantile": 0.28266,
"70% quantile": 0.30587,
"75% quantile": 0.33696,
"80% quantile": 0.37044,
"85% quantile": 0.37044,
"90% quantile": 0.40315,
"95% quantile": 0.47109,
"100% quantile": 0.66223 
},
"brown": {
 "0% quantile": 0.0011936,
"5% quantile": 0.0020509,
"10% quantile": 0.0023524,
"15% quantile": 0.0024851,
"20% quantile": 0.0024851,
"25% quantile": 0.0024851,
"30% quantile": 0.0028096,
"35% quantile": 0.0034433,
"40% quantile": 0.00355,
"45% quantile": 0.00355,
"50% quantile": 0.00355,
"55% quantile": 0.00355,
"60% quantile": 0.00355,
"65% quantile": 0.0036656,
"70% quantile": 0.33242,
"75% quantile": 0.40857,
"80% quantile": 0.46542,
"85% quantile": 0.46542,
"90% quantile": 0.47788,
"95% quantile": 0.48736,
"100% quantile": 0.5269 
} 
},
"sd": {
 "blue": 0.18265,
"green": 0.13252,
"hazel": 0.10371,
"brown": 0.20951 
} 
},
"hair": {
 "probabilities": {
 "blond": 0.47064,
"brown": 0.35172,
"red": 0.11486,
"black": 0.062777 
},
"quantilies": {
 "blond": {
 "0% quantile": 0.0018283,
"5% quantile": 0.07366,
"10% quantile": 0.12019,
"15% quantile": 0.1665,
"20% quantile": 0.20834,
"25% quantile": 0.25464,
"30% quantile": 0.29619,
"35% quantile": 0.34053,
"40% quantile": 0.3924,
"45% quantile": 0.43019,
"50% quantile": 0.47137,
"55% quantile": 0.51947,
"60% quantile": 0.56263,
"65% quantile": 0.60125,
"70% quantile": 0.64461,
"75% quantile": 0.68847,
"80% quantile": 0.72863,
"85% quantile": 0.76309,
"90% quantile": 0.8155,
"95% quantile": 0.85693,
"100% quantile": 0.96638 
},
"brown": {
 "0% quantile": 0.0031215,
"5% quantile": 0.079429,
"10% quantile": 0.10726,
"15% quantile": 0.13268,
"20% quantile": 0.15885,
"25% quantile": 0.18545,
"30% quantile": 0.20941,
"35% quantile": 0.23726,
"40% quantile": 0.25684,
"45% quantile": 0.3016,
"50% quantile": 0.33316,
"55% quantile": 0.35528,
"60% quantile": 0.38565,
"65% quantile": 0.41978,
"70% quantile": 0.45664,
"75% quantile": 0.50041,
"80% quantile": 0.53996,
"85% quantile":  0.594,
"90% quantile": 0.63253,
"95% quantile": 0.71498,
"100% quantile": 0.9099 
},
"red": {
 "0% quantile": 0.0014966,
"5% quantile": 0.008102,
"10% quantile": 0.011994,
"15% quantile": 0.016343,
"20% quantile": 0.021194,
"25% quantile": 0.025746,
"30% quantile": 0.02995,
"35% quantile": 0.037098,
"40% quantile": 0.044345,
"45% quantile": 0.051388,
"50% quantile": 0.058619,
"55% quantile": 0.068789,
"60% quantile": 0.078685,
"65% quantile": 0.094742,
"70% quantile": 0.11257,
"75% quantile": 0.13694,
"80% quantile": 0.16547,
"85% quantile": 0.21717,
"90% quantile": 0.29164,
"95% quantile": 0.44773,
"100% quantile": 0.97787 
},
"black": {
 "0% quantile": 4.3774e-05,
"5% quantile": 0.0017989,
"10% quantile": 0.0034308,
"15% quantile": 0.0057934,
"20% quantile": 0.0067126,
"25% quantile": 0.0089093,
"30% quantile": 0.011506,
"35% quantile": 0.015141,
"40% quantile": 0.017699,
"45% quantile": 0.023172,
"50% quantile": 0.028814,
"55% quantile": 0.032535,
"60% quantile": 0.039749,
"65% quantile": 0.049766,
"70% quantile": 0.06191,
"75% quantile": 0.072666,
"80% quantile": 0.095451,
"85% quantile": 0.12244,
"90% quantile": 0.17036,
"95% quantile": 0.25378,
"100% quantile": 0.87102 
} 
},
"sd": {
 "blond": 0.25213,
"brown": 0.20015,
"red": 0.14926,
"black": 0.092465 
} 
},
"skin": {
 "probabilities": {
 "white": 0.89169,
"inter": 0.10709,
"black": 0.0012214 
},
"quantilies": {
 "white": {
 "0% quantile": 0.006021,
"5% quantile": 0.60338,
"10% quantile": 0.6954,
"15% quantile": 0.78368,
"20% quantile": 0.83714,
"25% quantile": 0.86232,
"30% quantile": 0.88191,
"35% quantile": 0.90745,
"40% quantile": 0.91244,
"45% quantile": 0.92763,
"50% quantile": 0.94408,
"55% quantile": 0.95313,
"60% quantile": 0.96184,
"65% quantile": 0.9665,
"70% quantile": 0.9707,
"75% quantile": 0.97731,
"80% quantile": 0.97917,
"85% quantile": 0.98437,
"90% quantile": 0.9899,
"95% quantile": 0.99432,
"100% quantile": 0.99966 
},
"inter": {
 "0% quantile": 0.00034247,
"5% quantile": 0.0056827,
"10% quantile": 0.010101,
"15% quantile": 0.015634,
"20% quantile": 0.020831,
"25% quantile": 0.022689,
"30% quantile": 0.029301,
"35% quantile": 0.033495,
"40% quantile": 0.038151,
"45% quantile": 0.046867,
"50% quantile": 0.055899,
"55% quantile": 0.072369,
"60% quantile": 0.085672,
"65% quantile": 0.088996,
"70% quantile": 0.11755,
"75% quantile": 0.13747,
"80% quantile": 0.16286,
"85% quantile": 0.21632,
"90% quantile": 0.30455,
"95% quantile": 0.39656,
"100% quantile": 0.96815 
},
"black": {
 "0% quantile": 1.9553e-10,
"5% quantile": 1.09e-08,
"10% quantile": 2.8774e-08,
"15% quantile": 4.6848e-08,
"20% quantile": 1.246e-07,
"25% quantile": 1.246e-07,
"30% quantile": 2.258e-07,
"35% quantile": 3.6699e-07,
"40% quantile": 6.6586e-07,
"45% quantile": 9.7262e-07,
"50% quantile": 1.674e-06,
"55% quantile": 2.1288e-06,
"60% quantile": 3.8854e-06,
"65% quantile": 5.3931e-06,
"70% quantile": 1.3764e-05,
"75% quantile": 1.698e-05,
"80% quantile": 3.2049e-05,
"85% quantile": 8.3965e-05,
"90% quantile": 0.00020934,
"95% quantile": 0.0012002,
"100% quantile": 0.9752 
} 
},
"sd": {
 "white": 0.13189,
"inter": 0.12945,
"black": 0.017269 
} 
} 
} 
}
